{"cameraMode":{"drawMode":0,"name":"Shaded","section":"Shading Mode"},"sceneLighting":true,"audioPlay":false,"sceneViewState":{"showFog":true,"showMaterialUpdate":true,"showSkybox":true,"showFlares":true,"showImageEffects":true,"showParticleSystems":true},"in2DMode":false,"pivot":{"x":28.153968811035158,"y":1.8654279708862305,"z":28.950517654418947},"rotation":{"x":0.16427256166934968,"y":0.3199537694454193,"z":-0.05650502070784569,"w":0.9313970804214478},"size":44.89485549926758,"orthographic":true}